"nome","resumo","coordenador"
"MONITORADIO - MONITORIA PARA DISCIPLINA DE RADIOLOGIA I","Em breve este conteúdo estará disponível.","Alexandre Perez Marques "
"ATENÇÃO À SAÚDE BUCAL DE CUIDADORES PRIMÁRIOS DE PACIENTES COM NECESSIDADES ESPECIAIS","Em breve este conteúdo estará disponível.","Andréa Lanzillotti Cardoso "
"REABILITAÇÃO DE PACIENTES COM DEFORMIDADES BUCOMAXILOFACIAS.","Em breve este conteúdo estará disponível.","Carlos Antonio Freire Sampaio "
"MONITORIA RADIOLOGIA II","Em breve este conteúdo estará disponível.","Carlos Guilherme Ewald Malini "
"CONTROLE E MANUTENÇÃO DE PRÓTESES PARCIAIS REMOVÍVEIS","Em breve este conteúdo estará disponível.","Carolina Noronha Ferraz De Arruda "
"DESENVOLVIMENTO DE ADESIVOS PARA DENTADURAS COM ADIÇÃO DE ANTI-MICROBIANOS NATURAIS","Em breve este conteúdo estará disponível.","Cesar Dos Reis Perez "
"MONITORIA DA DISCIPLINA DE ENDODONTIA PRÉ-CLÍNICA","Em breve este conteúdo estará disponível.","Emmanuel João Nogueira Leal Da Silva "
"ODONTOPEDIATRIA PARA BEBÊS E LACTANTES MUITO ALÉM DA LINGUINHA","Em breve este conteúdo estará disponível.","Fernanda Barja Fidalgo Silva De Andrade "
"SAÚDE ORAL EM LIBRAS: ENSINANDO E APRENDENDO","Em breve este conteúdo estará disponível.","Fernanda De Brito Silva "
"ESTOMATOLOGIA II","Em breve este conteúdo estará disponível.","Geraldo De Oliveira Silva "
"ODONTOLOGIA PARA PACIENTES COM NECESSIDADES ESPECIAIS","Em breve este conteúdo estará disponível.","Geraldo De Oliveira Silva "
"ODONTOLOGIA HOSPITALAR","Em breve este conteúdo estará disponível.","Geraldo De Oliveira Silva "
"ESTRATÉGIAS DE ORTODONTIA PREVENTIVA APLICADAS À SAÚDE BUCAL COLETIVA E VICE-VERSA.","Em breve este conteúdo estará disponível.","Klaus Barretto Dos Santos Lopes Batista "
"MONITORIA EM DENTÍSTICA PRÉ-CLÍNICA","Em breve este conteúdo estará disponível.","Marcelo José Braga Pinhão "
"NOVAS TECNOLOGIAS EM ENDODONTIA – APLICAÇÃO NO TRATAMENTO ENDODÔNTICO DE PACIENTES ADOLESCENTES","Em breve este conteúdo estará disponível.","Marco Andre De Berredo Pinho "
"USO DO STO NA ANÁLISE DE PERFIL DE PACIENTES PARA GRADUAÇÃO DE ODONTOLOGIA","Em breve este conteúdo estará disponível.","Maria Isabel De Castro De Souza "
"EFEITO DO TRATAMENTO PERI-IMPLANTAR DE PACIENTES COM MUCOSITE E PERI-IMPLANTITE","Em breve este conteúdo estará disponível.","Mayla Kezy Silva Teixeira "
"RELAÇÃO ENTRE O USO DE SMARTPHONES E DESORDENS TEMPOROMANDIBULARES","Em breve este conteúdo estará disponível.","Mayra Cardoso "
"TRAUMATISMOS DENTÁRIOS NA INFÂNCIA DESDE A PREVENÇÃO ATÉ O TRATAMENTO:INTEGRANDO CIÊNCIA E SOCIEDA","Em breve este conteúdo estará disponível.","Michele Machado Lenzi Da Silva "
"ODONTOLOGIARESTAURADORAINTEGRADAENFOQUEMULTIDISCIPLINARDOPLANEJAMENTOINICIALAFINALIZAÇÃODOCASO","Em breve este conteúdo estará disponível.","Paulo Eduardo Gomes De Almeida Campos "
"XXXXXXXXXX","Em breve este conteúdo estará disponível.","Renata Rocha Jorge "
"MONITORIA DISCIPLINA DE ORTODONTIA","Em breve este conteúdo estará disponível.","Rhita Cristina Cunha Almeida "
"INFLUÊNCIA DE DIFERENTES CONTENÇÕES NA ESTABILIDADE DO TRATAMENTO ORTODÔNTICO E NO PERIODONTO.","Em breve este conteúdo estará disponível.","Rhita Cristina Cunha Almeida "
